"","B11003_003E","B11003_001E","NAME","state","county","tract","block group"
"1","93","305","Block Group 1, Census Tract 1, District of Columbia, District of Columbia","11","001","000100","1"
"2","29","153","Block Group 2, Census Tract 1, District of Columbia, District of Columbia","11","001","000100","2"
"3","153","408","Block Group 3, Census Tract 1, District of Columbia, District of Columbia","11","001","000100","3"
"4","115","256","Block Group 4, Census Tract 1, District of Columbia, District of Columbia","11","001","000100","4"
"5","0","0","Block Group 1, Census Tract 2.01, District of Columbia, District of Columbia","11","001","000201","1"
"6","46","220","Block Group 1, Census Tract 2.02, District of Columbia, District of Columbia","11","001","000202","1"
"7","83","182","Block Group 2, Census Tract 2.02, District of Columbia, District of Columbia","11","001","000202","2"
"8","41","156","Block Group 3, Census Tract 2.02, District of Columbia, District of Columbia","11","001","000202","3"
"9","37","107","Block Group 4, Census Tract 2.02, District of Columbia, District of Columbia","11","001","000202","4"
"10","102","213","Block Group 1, Census Tract 3, District of Columbia, District of Columbia","11","001","000300","1"
"11","40","230","Block Group 2, Census Tract 3, District of Columbia, District of Columbia","11","001","000300","2"
"12","103","304","Block Group 3, Census Tract 3, District of Columbia, District of Columbia","11","001","000300","3"
"13","68","240","Block Group 4, Census Tract 3, District of Columbia, District of Columbia","11","001","000300","4"
"14","32","176","Block Group 1, Census Tract 4, District of Columbia, District of Columbia","11","001","000400","1"
"15","38","159","Block Group 2, Census Tract 4, District of Columbia, District of Columbia","11","001","000400","2"
"16","74","241","Block Group 1, Census Tract 5.01, District of Columbia, District of Columbia","11","001","000501","1"
"17","19","142","Block Group 2, Census Tract 5.01, District of Columbia, District of Columbia","11","001","000501","2"
"18","164","394","Block Group 1, Census Tract 5.02, District of Columbia, District of Columbia","11","001","000502","1"
"19","95","229","Block Group 2, Census Tract 5.02, District of Columbia, District of Columbia","11","001","000502","2"
"20","105","201","Block Group 1, Census Tract 6, District of Columbia, District of Columbia","11","001","000600","1"
"21","62","173","Block Group 2, Census Tract 6, District of Columbia, District of Columbia","11","001","000600","2"
"22","67","160","Block Group 3, Census Tract 6, District of Columbia, District of Columbia","11","001","000600","3"
"23","69","362","Block Group 4, Census Tract 6, District of Columbia, District of Columbia","11","001","000600","4"
"24","109","245","Block Group 1, Census Tract 7.01, District of Columbia, District of Columbia","11","001","000701","1"
"25","0","85","Block Group 2, Census Tract 7.01, District of Columbia, District of Columbia","11","001","000701","2"
"26","15","253","Block Group 3, Census Tract 7.01, District of Columbia, District of Columbia","11","001","000701","3"
"27","38","143","Block Group 4, Census Tract 7.01, District of Columbia, District of Columbia","11","001","000701","4"
"28","17","278","Block Group 1, Census Tract 7.02, District of Columbia, District of Columbia","11","001","000702","1"
"29","0","95","Block Group 2, Census Tract 7.02, District of Columbia, District of Columbia","11","001","000702","2"
"30","12","104","Block Group 3, Census Tract 7.02, District of Columbia, District of Columbia","11","001","000702","3"
"31","93","392","Block Group 1, Census Tract 8.01, District of Columbia, District of Columbia","11","001","000801","1"
"32","75","252","Block Group 2, Census Tract 8.01, District of Columbia, District of Columbia","11","001","000801","2"
"33","232","809","Block Group 3, Census Tract 8.01, District of Columbia, District of Columbia","11","001","000801","3"
"34","35","157","Block Group 4, Census Tract 8.01, District of Columbia, District of Columbia","11","001","000801","4"
"35","108","373","Block Group 1, Census Tract 8.02, District of Columbia, District of Columbia","11","001","000802","1"
"36","92","173","Block Group 2, Census Tract 8.02, District of Columbia, District of Columbia","11","001","000802","2"
"37","134","362","Block Group 1, Census Tract 9.01, District of Columbia, District of Columbia","11","001","000901","1"
"38","153","363","Block Group 2, Census Tract 9.01, District of Columbia, District of Columbia","11","001","000901","2"
"39","74","334","Block Group 3, Census Tract 9.01, District of Columbia, District of Columbia","11","001","000901","3"
"40","57","201","Block Group 1, Census Tract 9.02, District of Columbia, District of Columbia","11","001","000902","1"
"41","220","345","Block Group 2, Census Tract 9.02, District of Columbia, District of Columbia","11","001","000902","2"
"42","90","227","Block Group 1, Census Tract 10.01, District of Columbia, District of Columbia","11","001","001001","1"
"43","144","452","Block Group 2, Census Tract 10.01, District of Columbia, District of Columbia","11","001","001001","2"
"44","99","268","Block Group 3, Census Tract 10.01, District of Columbia, District of Columbia","11","001","001001","3"
"45","178","374","Block Group 4, Census Tract 10.01, District of Columbia, District of Columbia","11","001","001001","4"
"46","97","242","Block Group 5, Census Tract 10.01, District of Columbia, District of Columbia","11","001","001001","5"
"47","115","331","Block Group 6, Census Tract 10.01, District of Columbia, District of Columbia","11","001","001001","6"
"48","55","94","Block Group 1, Census Tract 10.02, District of Columbia, District of Columbia","11","001","001002","1"
"49","20","222","Block Group 2, Census Tract 10.02, District of Columbia, District of Columbia","11","001","001002","2"
"50","8","161","Block Group 3, Census Tract 10.02, District of Columbia, District of Columbia","11","001","001002","3"
"51","104","421","Block Group 1, Census Tract 11, District of Columbia, District of Columbia","11","001","001100","1"
"52","95","361","Block Group 2, Census Tract 11, District of Columbia, District of Columbia","11","001","001100","2"
"53","32","109","Block Group 3, Census Tract 11, District of Columbia, District of Columbia","11","001","001100","3"
"54","91","175","Block Group 4, Census Tract 11, District of Columbia, District of Columbia","11","001","001100","4"
"55","114","426","Block Group 1, Census Tract 12, District of Columbia, District of Columbia","11","001","001200","1"
"56","30","231","Block Group 2, Census Tract 12, District of Columbia, District of Columbia","11","001","001200","2"
"57","51","173","Block Group 3, Census Tract 12, District of Columbia, District of Columbia","11","001","001200","3"
"58","87","283","Block Group 4, Census Tract 12, District of Columbia, District of Columbia","11","001","001200","4"
"59","146","395","Block Group 1, Census Tract 13.01, District of Columbia, District of Columbia","11","001","001301","1"
"60","53","143","Block Group 2, Census Tract 13.01, District of Columbia, District of Columbia","11","001","001301","2"
"61","157","268","Block Group 3, Census Tract 13.01, District of Columbia, District of Columbia","11","001","001301","3"
"62","31","329","Block Group 1, Census Tract 13.02, District of Columbia, District of Columbia","11","001","001302","1"
"63","116","497","Block Group 2, Census Tract 13.02, District of Columbia, District of Columbia","11","001","001302","2"
"64","36","136","Block Group 3, Census Tract 13.02, District of Columbia, District of Columbia","11","001","001302","3"
"65","204","422","Block Group 1, Census Tract 14.01, District of Columbia, District of Columbia","11","001","001401","1"
"66","179","347","Block Group 2, Census Tract 14.01, District of Columbia, District of Columbia","11","001","001401","2"
"67","100","239","Block Group 1, Census Tract 14.02, District of Columbia, District of Columbia","11","001","001402","1"
"68","78","177","Block Group 2, Census Tract 14.02, District of Columbia, District of Columbia","11","001","001402","2"
"69","65","297","Block Group 3, Census Tract 14.02, District of Columbia, District of Columbia","11","001","001402","3"
"70","148","424","Block Group 1, Census Tract 15, District of Columbia, District of Columbia","11","001","001500","1"
"71","108","260","Block Group 2, Census Tract 15, District of Columbia, District of Columbia","11","001","001500","2"
"72","71","248","Block Group 3, Census Tract 15, District of Columbia, District of Columbia","11","001","001500","3"
"73","242","479","Block Group 4, Census Tract 15, District of Columbia, District of Columbia","11","001","001500","4"
"74","93","204","Block Group 5, Census Tract 15, District of Columbia, District of Columbia","11","001","001500","5"
"75","44","256","Block Group 1, Census Tract 16, District of Columbia, District of Columbia","11","001","001600","1"
"76","95","209","Block Group 2, Census Tract 16, District of Columbia, District of Columbia","11","001","001600","2"
"77","18","210","Block Group 3, Census Tract 16, District of Columbia, District of Columbia","11","001","001600","3"
"78","95","466","Block Group 4, Census Tract 16, District of Columbia, District of Columbia","11","001","001600","4"
"79","59","293","Block Group 1, Census Tract 17.02, District of Columbia, District of Columbia","11","001","001702","1"
"80","54","226","Block Group 2, Census Tract 17.02, District of Columbia, District of Columbia","11","001","001702","2"
"81","45","293","Block Group 1, Census Tract 18.03, District of Columbia, District of Columbia","11","001","001803","1"
"82","167","385","Block Group 2, Census Tract 18.03, District of Columbia, District of Columbia","11","001","001803","2"
"83","5","210","Block Group 1, Census Tract 18.04, District of Columbia, District of Columbia","11","001","001804","1"
"84","80","358","Block Group 2, Census Tract 18.04, District of Columbia, District of Columbia","11","001","001804","2"
"85","89","358","Block Group 3, Census Tract 18.04, District of Columbia, District of Columbia","11","001","001804","3"
"86","34","273","Block Group 1, Census Tract 19.01, District of Columbia, District of Columbia","11","001","001901","1"
"87","44","189","Block Group 2, Census Tract 19.01, District of Columbia, District of Columbia","11","001","001901","2"
"88","54","253","Block Group 3, Census Tract 19.01, District of Columbia, District of Columbia","11","001","001901","3"
"89","23","262","Block Group 4, Census Tract 19.01, District of Columbia, District of Columbia","11","001","001901","4"
"90","48","313","Block Group 1, Census Tract 19.02, District of Columbia, District of Columbia","11","001","001902","1"
"91","17","247","Block Group 2, Census Tract 19.02, District of Columbia, District of Columbia","11","001","001902","2"
"92","49","286","Block Group 1, Census Tract 20.01, District of Columbia, District of Columbia","11","001","002001","1"
"93","83","300","Block Group 2, Census Tract 20.01, District of Columbia, District of Columbia","11","001","002001","2"
"94","30","245","Block Group 1, Census Tract 20.02, District of Columbia, District of Columbia","11","001","002002","1"
"95","30","243","Block Group 2, Census Tract 20.02, District of Columbia, District of Columbia","11","001","002002","2"
"96","86","236","Block Group 3, Census Tract 20.02, District of Columbia, District of Columbia","11","001","002002","3"
"97","29","297","Block Group 1, Census Tract 21.01, District of Columbia, District of Columbia","11","001","002101","1"
"98","49","129","Block Group 2, Census Tract 21.01, District of Columbia, District of Columbia","11","001","002101","2"
"99","58","351","Block Group 3, Census Tract 21.01, District of Columbia, District of Columbia","11","001","002101","3"
"100","9","74","Block Group 4, Census Tract 21.01, District of Columbia, District of Columbia","11","001","002101","4"
"101","47","195","Block Group 5, Census Tract 21.01, District of Columbia, District of Columbia","11","001","002101","5"
"102","63","251","Block Group 1, Census Tract 21.02, District of Columbia, District of Columbia","11","001","002102","1"
"103","0","108","Block Group 2, Census Tract 21.02, District of Columbia, District of Columbia","11","001","002102","2"
"104","20","174","Block Group 3, Census Tract 21.02, District of Columbia, District of Columbia","11","001","002102","3"
"105","0","154","Block Group 4, Census Tract 21.02, District of Columbia, District of Columbia","11","001","002102","4"
"106","32","139","Block Group 5, Census Tract 21.02, District of Columbia, District of Columbia","11","001","002102","5"
"107","70","157","Block Group 6, Census Tract 21.02, District of Columbia, District of Columbia","11","001","002102","6"
"108","142","408","Block Group 1, Census Tract 22.01, District of Columbia, District of Columbia","11","001","002201","1"
"109","13","314","Block Group 2, Census Tract 22.01, District of Columbia, District of Columbia","11","001","002201","2"
"110","92","162","Block Group 3, Census Tract 22.01, District of Columbia, District of Columbia","11","001","002201","3"
"111","93","194","Block Group 1, Census Tract 22.02, District of Columbia, District of Columbia","11","001","002202","1"
"112","23","222","Block Group 2, Census Tract 22.02, District of Columbia, District of Columbia","11","001","002202","2"
"113","0","208","Block Group 3, Census Tract 22.02, District of Columbia, District of Columbia","11","001","002202","3"
"114","7","280","Block Group 1, Census Tract 23.01, District of Columbia, District of Columbia","11","001","002301","1"
"115","99","390","Block Group 2, Census Tract 23.01, District of Columbia, District of Columbia","11","001","002301","2"
"116","12","121","Block Group 1, Census Tract 23.02, District of Columbia, District of Columbia","11","001","002302","1"
"117","47","147","Block Group 1, Census Tract 24, District of Columbia, District of Columbia","11","001","002400","1"
"118","43","217","Block Group 2, Census Tract 24, District of Columbia, District of Columbia","11","001","002400","2"
"119","7","154","Block Group 3, Census Tract 24, District of Columbia, District of Columbia","11","001","002400","3"
"120","64","212","Block Group 4, Census Tract 24, District of Columbia, District of Columbia","11","001","002400","4"
"121","60","184","Block Group 1, Census Tract 25.01, District of Columbia, District of Columbia","11","001","002501","1"
"122","100","230","Block Group 2, Census Tract 25.01, District of Columbia, District of Columbia","11","001","002501","2"
"123","43","122","Block Group 1, Census Tract 25.02, District of Columbia, District of Columbia","11","001","002502","1"
"124","67","256","Block Group 2, Census Tract 25.02, District of Columbia, District of Columbia","11","001","002502","2"
"125","47","264","Block Group 3, Census Tract 25.02, District of Columbia, District of Columbia","11","001","002502","3"
"126","42","245","Block Group 4, Census Tract 25.02, District of Columbia, District of Columbia","11","001","002502","4"
"127","79","275","Block Group 1, Census Tract 26, District of Columbia, District of Columbia","11","001","002600","1"
"128","104","342","Block Group 2, Census Tract 26, District of Columbia, District of Columbia","11","001","002600","2"
"129","0","54","Block Group 1, Census Tract 27.01, District of Columbia, District of Columbia","11","001","002701","1"
"130","44","207","Block Group 2, Census Tract 27.01, District of Columbia, District of Columbia","11","001","002701","2"
"131","14","197","Block Group 3, Census Tract 27.01, District of Columbia, District of Columbia","11","001","002701","3"
"132","39","313","Block Group 4, Census Tract 27.01, District of Columbia, District of Columbia","11","001","002701","4"
"133","23","189","Block Group 1, Census Tract 27.02, District of Columbia, District of Columbia","11","001","002702","1"
"134","200","401","Block Group 2, Census Tract 27.02, District of Columbia, District of Columbia","11","001","002702","2"
"135","72","289","Block Group 3, Census Tract 27.02, District of Columbia, District of Columbia","11","001","002702","3"
"136","9","124","Block Group 1, Census Tract 28.01, District of Columbia, District of Columbia","11","001","002801","1"
"137","78","573","Block Group 2, Census Tract 28.01, District of Columbia, District of Columbia","11","001","002801","2"
"138","42","379","Block Group 1, Census Tract 28.02, District of Columbia, District of Columbia","11","001","002802","1"
"139","32","233","Block Group 2, Census Tract 28.02, District of Columbia, District of Columbia","11","001","002802","2"
"140","40","309","Block Group 1, Census Tract 29, District of Columbia, District of Columbia","11","001","002900","1"
"141","126","382","Block Group 2, Census Tract 29, District of Columbia, District of Columbia","11","001","002900","2"
"142","59","164","Block Group 1, Census Tract 30, District of Columbia, District of Columbia","11","001","003000","1"
"143","17","388","Block Group 2, Census Tract 30, District of Columbia, District of Columbia","11","001","003000","2"
"144","93","462","Block Group 1, Census Tract 31, District of Columbia, District of Columbia","11","001","003100","1"
"145","15","164","Block Group 1, Census Tract 32, District of Columbia, District of Columbia","11","001","003200","1"
"146","26","110","Block Group 2, Census Tract 32, District of Columbia, District of Columbia","11","001","003200","2"
"147","29","326","Block Group 3, Census Tract 32, District of Columbia, District of Columbia","11","001","003200","3"
"148","42","312","Block Group 4, Census Tract 32, District of Columbia, District of Columbia","11","001","003200","4"
"149","67","167","Block Group 1, Census Tract 33.01, District of Columbia, District of Columbia","11","001","003301","1"
"150","26","191","Block Group 2, Census Tract 33.01, District of Columbia, District of Columbia","11","001","003301","2"
"151","0","104","Block Group 3, Census Tract 33.01, District of Columbia, District of Columbia","11","001","003301","3"
"152","18","379","Block Group 1, Census Tract 33.02, District of Columbia, District of Columbia","11","001","003302","1"
"153","65","149","Block Group 2, Census Tract 33.02, District of Columbia, District of Columbia","11","001","003302","2"
"154","9","172","Block Group 1, Census Tract 34, District of Columbia, District of Columbia","11","001","003400","1"
"155","112","393","Block Group 2, Census Tract 34, District of Columbia, District of Columbia","11","001","003400","2"
"156","30","272","Block Group 1, Census Tract 35, District of Columbia, District of Columbia","11","001","003500","1"
"157","0","113","Block Group 2, Census Tract 35, District of Columbia, District of Columbia","11","001","003500","2"
"158","23","360","Block Group 1, Census Tract 36, District of Columbia, District of Columbia","11","001","003600","1"
"159","30","154","Block Group 2, Census Tract 36, District of Columbia, District of Columbia","11","001","003600","2"
"160","33","140","Block Group 3, Census Tract 36, District of Columbia, District of Columbia","11","001","003600","3"
"161","47","285","Block Group 1, Census Tract 37, District of Columbia, District of Columbia","11","001","003700","1"
"162","13","262","Block Group 2, Census Tract 37, District of Columbia, District of Columbia","11","001","003700","2"
"163","12","157","Block Group 3, Census Tract 37, District of Columbia, District of Columbia","11","001","003700","3"
"164","52","218","Block Group 1, Census Tract 38, District of Columbia, District of Columbia","11","001","003800","1"
"165","50","235","Block Group 2, Census Tract 38, District of Columbia, District of Columbia","11","001","003800","2"
"166","0","128","Block Group 3, Census Tract 38, District of Columbia, District of Columbia","11","001","003800","3"
"167","68","205","Block Group 1, Census Tract 39, District of Columbia, District of Columbia","11","001","003900","1"
"168","21","124","Block Group 2, Census Tract 39, District of Columbia, District of Columbia","11","001","003900","2"
"169","32","177","Block Group 3, Census Tract 39, District of Columbia, District of Columbia","11","001","003900","3"
"170","68","202","Block Group 4, Census Tract 39, District of Columbia, District of Columbia","11","001","003900","4"
"171","17","160","Block Group 1, Census Tract 40.01, District of Columbia, District of Columbia","11","001","004001","1"
"172","0","74","Block Group 2, Census Tract 40.01, District of Columbia, District of Columbia","11","001","004001","2"
"173","75","244","Block Group 3, Census Tract 40.01, District of Columbia, District of Columbia","11","001","004001","3"
"174","16","78","Block Group 1, Census Tract 40.02, District of Columbia, District of Columbia","11","001","004002","1"
"175","34","167","Block Group 2, Census Tract 40.02, District of Columbia, District of Columbia","11","001","004002","2"
"176","19","47","Block Group 3, Census Tract 40.02, District of Columbia, District of Columbia","11","001","004002","3"
"177","22","133","Block Group 1, Census Tract 41, District of Columbia, District of Columbia","11","001","004100","1"
"178","20","163","Block Group 2, Census Tract 41, District of Columbia, District of Columbia","11","001","004100","2"
"179","42","197","Block Group 3, Census Tract 41, District of Columbia, District of Columbia","11","001","004100","3"
"180","18","142","Block Group 1, Census Tract 42.01, District of Columbia, District of Columbia","11","001","004201","1"
"181","24","154","Block Group 2, Census Tract 42.01, District of Columbia, District of Columbia","11","001","004201","2"
"182","16","124","Block Group 1, Census Tract 42.02, District of Columbia, District of Columbia","11","001","004202","1"
"183","26","113","Block Group 2, Census Tract 42.02, District of Columbia, District of Columbia","11","001","004202","2"
"184","28","279","Block Group 1, Census Tract 43, District of Columbia, District of Columbia","11","001","004300","1"
"185","32","90","Block Group 2, Census Tract 43, District of Columbia, District of Columbia","11","001","004300","2"
"186","50","262","Block Group 1, Census Tract 44, District of Columbia, District of Columbia","11","001","004400","1"
"187","113","259","Block Group 2, Census Tract 44, District of Columbia, District of Columbia","11","001","004400","2"
"188","19","190","Block Group 1, Census Tract 46, District of Columbia, District of Columbia","11","001","004600","1"
"189","15","379","Block Group 2, Census Tract 46, District of Columbia, District of Columbia","11","001","004600","2"
"190","37","254","Block Group 1, Census Tract 47.01, District of Columbia, District of Columbia","11","001","004701","1"
"191","42","369","Block Group 2, Census Tract 47.01, District of Columbia, District of Columbia","11","001","004701","2"
"192","0","181","Block Group 1, Census Tract 47.02, District of Columbia, District of Columbia","11","001","004702","1"
"193","27","217","Block Group 1, Census Tract 48.01, District of Columbia, District of Columbia","11","001","004801","1"
"194","0","186","Block Group 1, Census Tract 48.02, District of Columbia, District of Columbia","11","001","004802","1"
"195","58","315","Block Group 2, Census Tract 48.02, District of Columbia, District of Columbia","11","001","004802","2"
"196","81","337","Block Group 1, Census Tract 49.01, District of Columbia, District of Columbia","11","001","004901","1"
"197","65","130","Block Group 2, Census Tract 49.01, District of Columbia, District of Columbia","11","001","004901","2"
"198","22","146","Block Group 1, Census Tract 49.02, District of Columbia, District of Columbia","11","001","004902","1"
"199","55","330","Block Group 2, Census Tract 49.02, District of Columbia, District of Columbia","11","001","004902","2"
"200","76","110","Block Group 1, Census Tract 50.01, District of Columbia, District of Columbia","11","001","005001","1"
"201","25","121","Block Group 2, Census Tract 50.01, District of Columbia, District of Columbia","11","001","005001","2"
"202","119","370","Block Group 1, Census Tract 50.02, District of Columbia, District of Columbia","11","001","005002","1"
"203","0","327","Block Group 2, Census Tract 50.02, District of Columbia, District of Columbia","11","001","005002","2"
"204","55","210","Block Group 3, Census Tract 50.02, District of Columbia, District of Columbia","11","001","005002","3"
"205","64","79","Block Group 4, Census Tract 50.02, District of Columbia, District of Columbia","11","001","005002","4"
"206","0","67","Block Group 1, Census Tract 52.01, District of Columbia, District of Columbia","11","001","005201","1"
"207","20","104","Block Group 2, Census Tract 52.01, District of Columbia, District of Columbia","11","001","005201","2"
"208","13","103","Block Group 3, Census Tract 52.01, District of Columbia, District of Columbia","11","001","005201","3"
"209","49","162","Block Group 4, Census Tract 52.01, District of Columbia, District of Columbia","11","001","005201","4"
"210","103","175","Block Group 1, Census Tract 53.01, District of Columbia, District of Columbia","11","001","005301","1"
"211","76","182","Block Group 2, Census Tract 53.01, District of Columbia, District of Columbia","11","001","005301","2"
"212","0","85","Block Group 3, Census Tract 53.01, District of Columbia, District of Columbia","11","001","005301","3"
"213","0","141","Block Group 4, Census Tract 53.01, District of Columbia, District of Columbia","11","001","005301","4"
"214","51","114","Block Group 1, Census Tract 55, District of Columbia, District of Columbia","11","001","005500","1"
"215","14","461","Block Group 2, Census Tract 55, District of Columbia, District of Columbia","11","001","005500","2"
"216","33","218","Block Group 3, Census Tract 55, District of Columbia, District of Columbia","11","001","005500","3"
"217","38","116","Block Group 4, Census Tract 55, District of Columbia, District of Columbia","11","001","005500","4"
"218","12","102","Block Group 5, Census Tract 55, District of Columbia, District of Columbia","11","001","005500","5"
"219","25","96","Block Group 1, Census Tract 56, District of Columbia, District of Columbia","11","001","005600","1"
"220","0","165","Block Group 2, Census Tract 56, District of Columbia, District of Columbia","11","001","005600","2"
"221","35","86","Block Group 3, Census Tract 56, District of Columbia, District of Columbia","11","001","005600","3"
"222","0","101","Block Group 4, Census Tract 56, District of Columbia, District of Columbia","11","001","005600","4"
"223","27","135","Block Group 1, Census Tract 58, District of Columbia, District of Columbia","11","001","005800","1"
"224","78","328","Block Group 2, Census Tract 58, District of Columbia, District of Columbia","11","001","005800","2"
"225","6","180","Block Group 1, Census Tract 59, District of Columbia, District of Columbia","11","001","005900","1"
"226","0","0","Block Group 1, Census Tract 62.02, District of Columbia, District of Columbia","11","001","006202","1"
"227","31","257","Block Group 1, Census Tract 64, District of Columbia, District of Columbia","11","001","006400","1"
"228","16","168","Block Group 2, Census Tract 64, District of Columbia, District of Columbia","11","001","006400","2"
"229","57","162","Block Group 1, Census Tract 65, District of Columbia, District of Columbia","11","001","006500","1"
"230","99","338","Block Group 2, Census Tract 65, District of Columbia, District of Columbia","11","001","006500","2"
"231","84","294","Block Group 1, Census Tract 66, District of Columbia, District of Columbia","11","001","006600","1"
"232","45","247","Block Group 1, Census Tract 67, District of Columbia, District of Columbia","11","001","006700","1"
"233","70","295","Block Group 2, Census Tract 67, District of Columbia, District of Columbia","11","001","006700","2"
"234","181","398","Block Group 3, Census Tract 67, District of Columbia, District of Columbia","11","001","006700","3"
"235","20","246","Block Group 1, Census Tract 68.01, District of Columbia, District of Columbia","11","001","006801","1"
"236","0","142","Block Group 2, Census Tract 68.01, District of Columbia, District of Columbia","11","001","006801","2"
"237","41","133","Block Group 1, Census Tract 68.02, District of Columbia, District of Columbia","11","001","006802","1"
"238","84","316","Block Group 2, Census Tract 68.02, District of Columbia, District of Columbia","11","001","006802","2"
"239","0","0","Block Group 1, Census Tract 68.04, District of Columbia, District of Columbia","11","001","006804","1"
"240","67","285","Block Group 1, Census Tract 69, District of Columbia, District of Columbia","11","001","006900","1"
"241","73","247","Block Group 2, Census Tract 69, District of Columbia, District of Columbia","11","001","006900","2"
"242","49","300","Block Group 1, Census Tract 70, District of Columbia, District of Columbia","11","001","007000","1"
"243","16","168","Block Group 2, Census Tract 70, District of Columbia, District of Columbia","11","001","007000","2"
"244","0","192","Block Group 1, Census Tract 71, District of Columbia, District of Columbia","11","001","007100","1"
"245","49","414","Block Group 2, Census Tract 71, District of Columbia, District of Columbia","11","001","007100","2"
"246","34","209","Block Group 1, Census Tract 72, District of Columbia, District of Columbia","11","001","007200","1"
"247","0","69","Block Group 2, Census Tract 72, District of Columbia, District of Columbia","11","001","007200","2"
"248","394","626","Block Group 1, Census Tract 73.01, District of Columbia, District of Columbia","11","001","007301","1"
"249","55","483","Block Group 1, Census Tract 73.04, District of Columbia, District of Columbia","11","001","007304","1"
"250","0","76","Block Group 2, Census Tract 73.04, District of Columbia, District of Columbia","11","001","007304","2"
"251","0","147","Block Group 3, Census Tract 73.04, District of Columbia, District of Columbia","11","001","007304","3"
"252","11","335","Block Group 1, Census Tract 74.01, District of Columbia, District of Columbia","11","001","007401","1"
"253","11","150","Block Group 2, Census Tract 74.01, District of Columbia, District of Columbia","11","001","007401","2"
"254","45","787","Block Group 1, Census Tract 74.03, District of Columbia, District of Columbia","11","001","007403","1"
"255","86","504","Block Group 1, Census Tract 74.04, District of Columbia, District of Columbia","11","001","007404","1"
"256","0","147","Block Group 2, Census Tract 74.04, District of Columbia, District of Columbia","11","001","007404","2"
"257","0","120","Block Group 3, Census Tract 74.04, District of Columbia, District of Columbia","11","001","007404","3"
"258","15","416","Block Group 1, Census Tract 74.06, District of Columbia, District of Columbia","11","001","007406","1"
"259","38","307","Block Group 2, Census Tract 74.06, District of Columbia, District of Columbia","11","001","007406","2"
"260","0","247","Block Group 1, Census Tract 74.07, District of Columbia, District of Columbia","11","001","007407","1"
"261","46","484","Block Group 2, Census Tract 74.07, District of Columbia, District of Columbia","11","001","007407","2"
"262","62","596","Block Group 1, Census Tract 74.08, District of Columbia, District of Columbia","11","001","007408","1"
"263","17","222","Block Group 1, Census Tract 74.09, District of Columbia, District of Columbia","11","001","007409","1"
"264","84","318","Block Group 2, Census Tract 74.09, District of Columbia, District of Columbia","11","001","007409","2"
"265","46","336","Block Group 3, Census Tract 74.09, District of Columbia, District of Columbia","11","001","007409","3"
"266","25","525","Block Group 1, Census Tract 75.02, District of Columbia, District of Columbia","11","001","007502","1"
"267","42","315","Block Group 2, Census Tract 75.02, District of Columbia, District of Columbia","11","001","007502","2"
"268","13","158","Block Group 1, Census Tract 75.03, District of Columbia, District of Columbia","11","001","007503","1"
"269","8","355","Block Group 2, Census Tract 75.03, District of Columbia, District of Columbia","11","001","007503","2"
"270","48","612","Block Group 1, Census Tract 75.04, District of Columbia, District of Columbia","11","001","007504","1"
"271","18","97","Block Group 1, Census Tract 76.01, District of Columbia, District of Columbia","11","001","007601","1"
"272","27","178","Block Group 2, Census Tract 76.01, District of Columbia, District of Columbia","11","001","007601","2"
"273","10","219","Block Group 3, Census Tract 76.01, District of Columbia, District of Columbia","11","001","007601","3"
"274","37","154","Block Group 4, Census Tract 76.01, District of Columbia, District of Columbia","11","001","007601","4"
"275","8","124","Block Group 5, Census Tract 76.01, District of Columbia, District of Columbia","11","001","007601","5"
"276","33","367","Block Group 1, Census Tract 76.03, District of Columbia, District of Columbia","11","001","007603","1"
"277","40","294","Block Group 2, Census Tract 76.03, District of Columbia, District of Columbia","11","001","007603","2"
"278","0","88","Block Group 3, Census Tract 76.03, District of Columbia, District of Columbia","11","001","007603","3"
"279","0","272","Block Group 4, Census Tract 76.03, District of Columbia, District of Columbia","11","001","007603","4"
"280","0","128","Block Group 1, Census Tract 76.04, District of Columbia, District of Columbia","11","001","007604","1"
"281","68","433","Block Group 2, Census Tract 76.04, District of Columbia, District of Columbia","11","001","007604","2"
"282","0","168","Block Group 3, Census Tract 76.04, District of Columbia, District of Columbia","11","001","007604","3"
"283","21","130","Block Group 1, Census Tract 76.05, District of Columbia, District of Columbia","11","001","007605","1"
"284","0","522","Block Group 2, Census Tract 76.05, District of Columbia, District of Columbia","11","001","007605","2"
"285","20","157","Block Group 3, Census Tract 76.05, District of Columbia, District of Columbia","11","001","007605","3"
"286","25","218","Block Group 1, Census Tract 77.03, District of Columbia, District of Columbia","11","001","007703","1"
"287","99","292","Block Group 2, Census Tract 77.03, District of Columbia, District of Columbia","11","001","007703","2"
"288","46","547","Block Group 3, Census Tract 77.03, District of Columbia, District of Columbia","11","001","007703","3"
"289","0","126","Block Group 4, Census Tract 77.03, District of Columbia, District of Columbia","11","001","007703","4"
"290","52","594","Block Group 1, Census Tract 77.07, District of Columbia, District of Columbia","11","001","007707","1"
"291","37","331","Block Group 2, Census Tract 77.07, District of Columbia, District of Columbia","11","001","007707","2"
"292","0","347","Block Group 1, Census Tract 77.08, District of Columbia, District of Columbia","11","001","007708","1"
"293","53","308","Block Group 2, Census Tract 77.08, District of Columbia, District of Columbia","11","001","007708","2"
"294","24","104","Block Group 1, Census Tract 77.09, District of Columbia, District of Columbia","11","001","007709","1"
"295","12","172","Block Group 2, Census Tract 77.09, District of Columbia, District of Columbia","11","001","007709","2"
"296","0","99","Block Group 1, Census Tract 78.03, District of Columbia, District of Columbia","11","001","007803","1"
"297","7","156","Block Group 2, Census Tract 78.03, District of Columbia, District of Columbia","11","001","007803","2"
"298","0","137","Block Group 3, Census Tract 78.03, District of Columbia, District of Columbia","11","001","007803","3"
"299","0","264","Block Group 4, Census Tract 78.03, District of Columbia, District of Columbia","11","001","007803","4"
"300","0","43","Block Group 1, Census Tract 78.04, District of Columbia, District of Columbia","11","001","007804","1"
"301","27","269","Block Group 2, Census Tract 78.04, District of Columbia, District of Columbia","11","001","007804","2"
"302","0","220","Block Group 3, Census Tract 78.04, District of Columbia, District of Columbia","11","001","007804","3"
"303","52","266","Block Group 1, Census Tract 78.06, District of Columbia, District of Columbia","11","001","007806","1"
"304","0","270","Block Group 2, Census Tract 78.06, District of Columbia, District of Columbia","11","001","007806","2"
"305","27","398","Block Group 1, Census Tract 78.07, District of Columbia, District of Columbia","11","001","007807","1"
"306","14","125","Block Group 2, Census Tract 78.07, District of Columbia, District of Columbia","11","001","007807","2"
"307","9","379","Block Group 1, Census Tract 78.08, District of Columbia, District of Columbia","11","001","007808","1"
"308","18","253","Block Group 2, Census Tract 78.08, District of Columbia, District of Columbia","11","001","007808","2"
"309","16","109","Block Group 3, Census Tract 78.08, District of Columbia, District of Columbia","11","001","007808","3"
"310","19","424","Block Group 1, Census Tract 78.09, District of Columbia, District of Columbia","11","001","007809","1"
"311","0","124","Block Group 2, Census Tract 78.09, District of Columbia, District of Columbia","11","001","007809","2"
"312","0","142","Block Group 1, Census Tract 79.01, District of Columbia, District of Columbia","11","001","007901","1"
"313","0","219","Block Group 2, Census Tract 79.01, District of Columbia, District of Columbia","11","001","007901","2"
"314","0","180","Block Group 3, Census Tract 79.01, District of Columbia, District of Columbia","11","001","007901","3"
"315","22","337","Block Group 4, Census Tract 79.01, District of Columbia, District of Columbia","11","001","007901","4"
"316","26","267","Block Group 1, Census Tract 79.03, District of Columbia, District of Columbia","11","001","007903","1"
"317","24","124","Block Group 1, Census Tract 80.01, District of Columbia, District of Columbia","11","001","008001","1"
"318","33","303","Block Group 2, Census Tract 80.01, District of Columbia, District of Columbia","11","001","008001","2"
"319","57","127","Block Group 3, Census Tract 80.01, District of Columbia, District of Columbia","11","001","008001","3"
"320","36","240","Block Group 1, Census Tract 80.02, District of Columbia, District of Columbia","11","001","008002","1"
"321","236","565","Block Group 2, Census Tract 80.02, District of Columbia, District of Columbia","11","001","008002","2"
"322","69","131","Block Group 1, Census Tract 81, District of Columbia, District of Columbia","11","001","008100","1"
"323","90","341","Block Group 2, Census Tract 81, District of Columbia, District of Columbia","11","001","008100","2"
"324","50","138","Block Group 3, Census Tract 81, District of Columbia, District of Columbia","11","001","008100","3"
"325","56","102","Block Group 1, Census Tract 82, District of Columbia, District of Columbia","11","001","008200","1"
"326","96","234","Block Group 2, Census Tract 82, District of Columbia, District of Columbia","11","001","008200","2"
"327","45","133","Block Group 1, Census Tract 83.01, District of Columbia, District of Columbia","11","001","008301","1"
"328","69","227","Block Group 2, Census Tract 83.01, District of Columbia, District of Columbia","11","001","008301","2"
"329","125","413","Block Group 1, Census Tract 83.02, District of Columbia, District of Columbia","11","001","008302","1"
"330","35","131","Block Group 1, Census Tract 84.02, District of Columbia, District of Columbia","11","001","008402","1"
"331","36","309","Block Group 2, Census Tract 84.02, District of Columbia, District of Columbia","11","001","008402","2"
"332","43","250","Block Group 1, Census Tract 84.10, District of Columbia, District of Columbia","11","001","008410","1"
"333","15","146","Block Group 1, Census Tract 87.01, District of Columbia, District of Columbia","11","001","008701","1"
"334","0","222","Block Group 2, Census Tract 87.01, District of Columbia, District of Columbia","11","001","008701","2"
"335","15","251","Block Group 1, Census Tract 87.02, District of Columbia, District of Columbia","11","001","008702","1"
"336","12","24","Block Group 2, Census Tract 87.02, District of Columbia, District of Columbia","11","001","008702","2"
"337","7","133","Block Group 1, Census Tract 88.02, District of Columbia, District of Columbia","11","001","008802","1"
"338","0","234","Block Group 2, Census Tract 88.02, District of Columbia, District of Columbia","11","001","008802","2"
"339","49","252","Block Group 3, Census Tract 88.02, District of Columbia, District of Columbia","11","001","008802","3"
"340","32","294","Block Group 4, Census Tract 88.02, District of Columbia, District of Columbia","11","001","008802","4"
"341","43","190","Block Group 1, Census Tract 88.03, District of Columbia, District of Columbia","11","001","008803","1"
"342","0","212","Block Group 1, Census Tract 88.04, District of Columbia, District of Columbia","11","001","008804","1"
"343","22","328","Block Group 2, Census Tract 88.04, District of Columbia, District of Columbia","11","001","008804","2"
"344","0","321","Block Group 1, Census Tract 89.03, District of Columbia, District of Columbia","11","001","008903","1"
"345","0","225","Block Group 2, Census Tract 89.03, District of Columbia, District of Columbia","11","001","008903","2"
"346","23","530","Block Group 1, Census Tract 89.04, District of Columbia, District of Columbia","11","001","008904","1"
"347","2","150","Block Group 2, Census Tract 89.04, District of Columbia, District of Columbia","11","001","008904","2"
"348","142","262","Block Group 1, Census Tract 90, District of Columbia, District of Columbia","11","001","009000","1"
"349","0","203","Block Group 2, Census Tract 90, District of Columbia, District of Columbia","11","001","009000","2"
"350","35","167","Block Group 1, Census Tract 91.02, District of Columbia, District of Columbia","11","001","009102","1"
"351","82","461","Block Group 2, Census Tract 91.02, District of Columbia, District of Columbia","11","001","009102","2"
"352","13","313","Block Group 3, Census Tract 91.02, District of Columbia, District of Columbia","11","001","009102","3"
"353","43","248","Block Group 1, Census Tract 92.01, District of Columbia, District of Columbia","11","001","009201","1"
"354","9","115","Block Group 1, Census Tract 92.03, District of Columbia, District of Columbia","11","001","009203","1"
"355","45","263","Block Group 2, Census Tract 92.03, District of Columbia, District of Columbia","11","001","009203","2"
"356","29","186","Block Group 1, Census Tract 92.04, District of Columbia, District of Columbia","11","001","009204","1"
"357","76","341","Block Group 2, Census Tract 92.04, District of Columbia, District of Columbia","11","001","009204","2"
"358","24","160","Block Group 1, Census Tract 93.01, District of Columbia, District of Columbia","11","001","009301","1"
"359","44","131","Block Group 2, Census Tract 93.01, District of Columbia, District of Columbia","11","001","009301","2"
"360","10","134","Block Group 3, Census Tract 93.01, District of Columbia, District of Columbia","11","001","009301","3"
"361","28","176","Block Group 4, Census Tract 93.01, District of Columbia, District of Columbia","11","001","009301","4"
"362","33","188","Block Group 1, Census Tract 93.02, District of Columbia, District of Columbia","11","001","009302","1"
"363","11","182","Block Group 1, Census Tract 94, District of Columbia, District of Columbia","11","001","009400","1"
"364","62","221","Block Group 2, Census Tract 94, District of Columbia, District of Columbia","11","001","009400","2"
"365","54","255","Block Group 3, Census Tract 94, District of Columbia, District of Columbia","11","001","009400","3"
"366","60","256","Block Group 4, Census Tract 94, District of Columbia, District of Columbia","11","001","009400","4"
"367","62","477","Block Group 1, Census Tract 95.01, District of Columbia, District of Columbia","11","001","009501","1"
"368","0","52","Block Group 2, Census Tract 95.01, District of Columbia, District of Columbia","11","001","009501","2"
"369","108","332","Block Group 3, Census Tract 95.01, District of Columbia, District of Columbia","11","001","009501","3"
"370","59","355","Block Group 1, Census Tract 95.03, District of Columbia, District of Columbia","11","001","009503","1"
"371","44","189","Block Group 2, Census Tract 95.03, District of Columbia, District of Columbia","11","001","009503","2"
"372","0","127","Block Group 3, Census Tract 95.03, District of Columbia, District of Columbia","11","001","009503","3"
"373","43","360","Block Group 1, Census Tract 95.04, District of Columbia, District of Columbia","11","001","009504","1"
"374","16","273","Block Group 2, Census Tract 95.04, District of Columbia, District of Columbia","11","001","009504","2"
"375","61","280","Block Group 1, Census Tract 95.05, District of Columbia, District of Columbia","11","001","009505","1"
"376","0","157","Block Group 2, Census Tract 95.05, District of Columbia, District of Columbia","11","001","009505","2"
"377","19","155","Block Group 3, Census Tract 95.05, District of Columbia, District of Columbia","11","001","009505","3"
"378","47","418","Block Group 1, Census Tract 95.07, District of Columbia, District of Columbia","11","001","009507","1"
"379","33","141","Block Group 1, Census Tract 95.08, District of Columbia, District of Columbia","11","001","009508","1"
"380","115","389","Block Group 2, Census Tract 95.08, District of Columbia, District of Columbia","11","001","009508","2"
"381","14","180","Block Group 3, Census Tract 95.08, District of Columbia, District of Columbia","11","001","009508","3"
"382","0","260","Block Group 1, Census Tract 95.09, District of Columbia, District of Columbia","11","001","009509","1"
"383","69","280","Block Group 2, Census Tract 95.09, District of Columbia, District of Columbia","11","001","009509","2"
"384","16","222","Block Group 3, Census Tract 95.09, District of Columbia, District of Columbia","11","001","009509","3"
"385","39","648","Block Group 1, Census Tract 96.01, District of Columbia, District of Columbia","11","001","009601","1"
"386","68","428","Block Group 1, Census Tract 96.02, District of Columbia, District of Columbia","11","001","009602","1"
"387","0","302","Block Group 2, Census Tract 96.02, District of Columbia, District of Columbia","11","001","009602","2"
"388","67","291","Block Group 1, Census Tract 96.03, District of Columbia, District of Columbia","11","001","009603","1"
"389","0","110","Block Group 2, Census Tract 96.03, District of Columbia, District of Columbia","11","001","009603","2"
"390","0","221","Block Group 3, Census Tract 96.03, District of Columbia, District of Columbia","11","001","009603","3"
"391","0","310","Block Group 1, Census Tract 96.04, District of Columbia, District of Columbia","11","001","009604","1"
"392","0","168","Block Group 2, Census Tract 96.04, District of Columbia, District of Columbia","11","001","009604","2"
"393","0","573","Block Group 1, Census Tract 97, District of Columbia, District of Columbia","11","001","009700","1"
"394","0","97","Block Group 2, Census Tract 97, District of Columbia, District of Columbia","11","001","009700","2"
"395","10","325","Block Group 1, Census Tract 98.01, District of Columbia, District of Columbia","11","001","009801","1"
"396","0","87","Block Group 1, Census Tract 98.02, District of Columbia, District of Columbia","11","001","009802","1"
"397","0","174","Block Group 2, Census Tract 98.02, District of Columbia, District of Columbia","11","001","009802","2"
"398","32","257","Block Group 1, Census Tract 98.03, District of Columbia, District of Columbia","11","001","009803","1"
"399","0","140","Block Group 2, Census Tract 98.03, District of Columbia, District of Columbia","11","001","009803","2"
"400","0","105","Block Group 3, Census Tract 98.03, District of Columbia, District of Columbia","11","001","009803","3"
"401","36","378","Block Group 1, Census Tract 98.04, District of Columbia, District of Columbia","11","001","009804","1"
"402","0","156","Block Group 2, Census Tract 98.04, District of Columbia, District of Columbia","11","001","009804","2"
"403","0","200","Block Group 1, Census Tract 98.07, District of Columbia, District of Columbia","11","001","009807","1"
"404","31","649","Block Group 2, Census Tract 98.07, District of Columbia, District of Columbia","11","001","009807","2"
"405","0","378","Block Group 1, Census Tract 98.10, District of Columbia, District of Columbia","11","001","009810","1"
"406","0","156","Block Group 2, Census Tract 98.10, District of Columbia, District of Columbia","11","001","009810","2"
"407","22","507","Block Group 1, Census Tract 98.11, District of Columbia, District of Columbia","11","001","009811","1"
"408","15","445","Block Group 2, Census Tract 98.11, District of Columbia, District of Columbia","11","001","009811","2"
"409","0","152","Block Group 1, Census Tract 99.01, District of Columbia, District of Columbia","11","001","009901","1"
"410","69","400","Block Group 2, Census Tract 99.01, District of Columbia, District of Columbia","11","001","009901","2"
"411","9","196","Block Group 1, Census Tract 99.02, District of Columbia, District of Columbia","11","001","009902","1"
"412","10","528","Block Group 2, Census Tract 99.02, District of Columbia, District of Columbia","11","001","009902","2"
"413","0","209","Block Group 1, Census Tract 99.03, District of Columbia, District of Columbia","11","001","009903","1"
"414","0","175","Block Group 2, Census Tract 99.03, District of Columbia, District of Columbia","11","001","009903","2"
"415","0","162","Block Group 1, Census Tract 99.04, District of Columbia, District of Columbia","11","001","009904","1"
"416","83","212","Block Group 2, Census Tract 99.04, District of Columbia, District of Columbia","11","001","009904","2"
"417","78","285","Block Group 1, Census Tract 99.05, District of Columbia, District of Columbia","11","001","009905","1"
"418","14","106","Block Group 2, Census Tract 99.05, District of Columbia, District of Columbia","11","001","009905","2"
"419","35","145","Block Group 3, Census Tract 99.05, District of Columbia, District of Columbia","11","001","009905","3"
"420","91","391","Block Group 1, Census Tract 99.06, District of Columbia, District of Columbia","11","001","009906","1"
"421","36","211","Block Group 1, Census Tract 99.07, District of Columbia, District of Columbia","11","001","009907","1"
"422","12","368","Block Group 2, Census Tract 99.07, District of Columbia, District of Columbia","11","001","009907","2"
"423","33","220","Block Group 1, Census Tract 101, District of Columbia, District of Columbia","11","001","010100","1"
"424","21","83","Block Group 2, Census Tract 101, District of Columbia, District of Columbia","11","001","010100","2"
"425","40","264","Block Group 1, Census Tract 102, District of Columbia, District of Columbia","11","001","010200","1"
"426","20","200","Block Group 2, Census Tract 102, District of Columbia, District of Columbia","11","001","010200","2"
"427","15","124","Block Group 1, Census Tract 103, District of Columbia, District of Columbia","11","001","010300","1"
"428","75","258","Block Group 2, Census Tract 103, District of Columbia, District of Columbia","11","001","010300","2"
"429","6","197","Block Group 3, Census Tract 103, District of Columbia, District of Columbia","11","001","010300","3"
"430","54","400","Block Group 1, Census Tract 104, District of Columbia, District of Columbia","11","001","010400","1"
"431","40","361","Block Group 2, Census Tract 104, District of Columbia, District of Columbia","11","001","010400","2"
"432","5","337","Block Group 1, Census Tract 105, District of Columbia, District of Columbia","11","001","010500","1"
"433","9","257","Block Group 2, Census Tract 105, District of Columbia, District of Columbia","11","001","010500","2"
"434","17","104","Block Group 1, Census Tract 106, District of Columbia, District of Columbia","11","001","010600","1"
"435","80","459","Block Group 2, Census Tract 106, District of Columbia, District of Columbia","11","001","010600","2"
"436","0","106","Block Group 3, Census Tract 106, District of Columbia, District of Columbia","11","001","010600","3"
"437","0","87","Block Group 1, Census Tract 107, District of Columbia, District of Columbia","11","001","010700","1"
"438","0","102","Block Group 2, Census Tract 107, District of Columbia, District of Columbia","11","001","010700","2"
"439","0","0","Block Group 1, Census Tract 108, District of Columbia, District of Columbia","11","001","010800","1"
"440","0","26","Block Group 2, Census Tract 108, District of Columbia, District of Columbia","11","001","010800","2"
"441","0","16","Block Group 3, Census Tract 108, District of Columbia, District of Columbia","11","001","010800","3"
"442","17","326","Block Group 1, Census Tract 109, District of Columbia, District of Columbia","11","001","010900","1"
"443","10","286","Block Group 2, Census Tract 109, District of Columbia, District of Columbia","11","001","010900","2"
"444","0","144","Block Group 1, Census Tract 110, District of Columbia, District of Columbia","11","001","011000","1"
"445","0","82","Block Group 2, Census Tract 110, District of Columbia, District of Columbia","11","001","011000","2"
"446","0","97","Block Group 3, Census Tract 110, District of Columbia, District of Columbia","11","001","011000","3"
"447","85","363","Block Group 4, Census Tract 110, District of Columbia, District of Columbia","11","001","011000","4"
"448","54","339","Block Group 1, Census Tract 111, District of Columbia, District of Columbia","11","001","011100","1"
"449","58","332","Block Group 2, Census Tract 111, District of Columbia, District of Columbia","11","001","011100","2"
"450","50","215","Block Group 3, Census Tract 111, District of Columbia, District of Columbia","11","001","011100","3"
